num_debate,canal,username,fecha,comentario,num_likes
1,adn40,lucastotti7463,07/04/2024,"Vaya Pobreza de Debate, la gente esta mal acostumbrada a ver Circo, a escuchar Gritaderas, ver Pancartitas, Peri√≥dicos, Grafica de barras, etc, pero pon a los Pol√≠ticos a resolver problemas matem√°ticos B√°sicos y se va su super verborrea, ahhh pero ellos te venden que son el Premio Nobel de Econom√≠a.",58
1,adn40,xochitlsandoval2100,07/04/2024,La cara de xochilt cuando menciono todos sus amigos millonetas me imagin√© a la Chilindrina cuando la cachaban jajaja pon√≠a su cara pelando los dientes,42
1,adn40,hectordiaz8146,07/04/2024,"Xochitl la √∫nica que tiene que leer sus propuestas, cero capacidad para exponer sin un escrito.",137
1,adn40,libertyfilm4096,07/04/2024,Xochil corrupta,36
1,adn40,fan5587,07/04/2024,"No somos tontos y que fastidio que les pregunten algo directamente y contesten con algo que no se les pregunto, los 3 muy mal",49
1,adn40,AlfredoSanchez-ks2bn,07/04/2024,Jajajaja la crupta no gano ni para el taxi..,28
1,adn40,almendrasolamente,07/04/2024,Parece concurso de reinas de belleza con sus respuestas prefabricadas y basicas.,57
1,adn40,kraned107,07/04/2024,"Franco Escamilla se queda pendejo cuando lo comparamos con los verdaderos comediantes del siglo XXI. Tremenda obra de amor a la comedia, incluyendo a, como no, la participaci√≥n Xochitl como estrella de renombre.",5
1,adn40,marthapavon9794,07/04/2024,Puras promesas. Pero si pusieran la pena de muerte a violadores secuestradores homicidas narcotraficantes eso serian hechos no solo blablabla,37
1,adn40,legionslaughter6312,07/04/2024,Mexico is cooked,4
1,adn40,alinaadler1881,07/04/2024,JAJAJAJAJAJAJAJAJAJAJAJAJAJAJAJAJAJA,4
1,adn40,eligiosantiago7985,07/04/2024,La neta es que Maynez si ven√≠a muy preparado,28
1,adn40,AlmaFlores-ou3gg,07/04/2024,"El ine ,los periodistas(Denisse) estan con Xochilt le ayudaba cada vez que le leia las preguntas a manera que las pudiera entender la pobre sra.Xochilt y ya venia preparada con las respuestas de c/pregunta,se manipulo el tiempo,en fin .PERO NI ASI TREMENDA AYUDA GANARA. ""VAMOS CON CLAUDIA Y LA 4T""",0
1,adn40,alex6668.,07/04/2024,La Xochitl con sus alimentos org√°smicos jajajaja XD,16
1,adn40,xochitlsandoval2100,07/04/2024,"Que flojera me da la sra. Xochilt G√°lvez, queriendo ser emp√°tica y se ve m√°s falsa que nada!!!!!",18
1,adn40,MariaHernandez-ch9gw,07/04/2024,"Claudia fue la que se ve√≠a mas segura, por mucho!",59
1,adn40,almanavarro-taylor3397,07/04/2024,Omg,0
1,adn40,TeacherParra777,07/04/2024,"Interesante, tienen que comparar lo malo de sus adversarios para justificar lo que ellos han hecho bien, siguen sin tener la capacidad de presentar algo que demuestre que realmente quieren cambiar al pais y no solo derrotar a su oponente. sigue siendo el que mejor manipule gana.",34
1,adn40,fan5587,07/04/2024,No hab√≠a m√°s candidatos ni a cual irle. Si estaba confundida quede peor. Los tres son tan pat√©ticos.,22
1,adn40,silviajenkin9676,07/04/2024,Debate √≤ confrontaci√≤n ???,2
1,adn40,IsisRuiz-wo3oh,07/04/2024,"Ojala que para la siguienten si contesten las preguntas que les hacen, y no solo repitan la pregunta o se pongan a criticar al otro candidato",24
1,adn40,juanquistian814,07/04/2024,,1
1,adn40,Josema_anima,07/04/2024,El laynes estaba algo cagado,3
1,adn40,TanVerLeR2,07/04/2024,1:10:31 jajajajjajajajajja c mamo,0
1,adn40,GermanMiltonHernandezAleman,07/04/2024,Pito,8
1,adn40,marcosarmendia8192,07/04/2024,"Este ""debate"" no fue m√°s que un espect√°culo de payasos. M√°s de lo mismo. En lugar de contestar las preguntas, se la pasaron hablando de cualquier cosa. Una verg√ºenza que uno de estos 3 vaya a ser el siguiente presidente de M√©xico",5
1,adn40,lucastotti7463,07/04/2024,"Estoy en desacuerdo con ArturoCano; al Votante se le debe exigir, de que sirve ver un Debate como Espectador si solo vamos a escuchar Gritos y Peleas, para eso pongo un Reality de MTV, estamos Mal Acostumbrados a ver Debates",9
1,adn40,Ashstary,07/04/2024,"La botarga ni siquiera pudo responder nada de lo que le preguntaron, solo tir√≥ caca",30
1,adn40,mariabravogonzalez5020,07/04/2024,Preguntarle a las personas que murieron Xochil como se puede hacer eso.,23
1,adn40,FredyMusicOficial,07/04/2024,Que gane Maynez o Claudia y adi√≥s al Prian!!!!,13
1,adn40,mrlukitas7265,07/04/2024,Muy XD la Xochitl edit: primero,12
1,adn40,manugz9404,07/04/2024,Ô∏è,0
1,adn40,antothebest5420,07/04/2024,Los opositores de Claudia sheinbaum tienen muy mala estrategia solo veo rivalidad no veo propuestas solo promesas. Tienen experiencia pol√≠tica pero no han hecho nada por la gente tanto maines como X√≥chitl G√°lvez,7
1,adn40,lunarosaluna4038,07/04/2024,"CLAUDIA Desde la organizaci√≥n de su carpeta en el debate la fluides al contestar las preguntas y si plantear propuesta que si se puden cumplir. La xochil y el maines solo se dedicaron a ensuciar la 4""T"". Sin pruebas concreta. gane CLAUDIA la presidencia de M√©xico",17
1,adn40,fan5587,07/04/2024,Que necedad no gano nadie ‚Ä¶ los tres muy mal‚Ä¶ as√≠ los que perdemos somos todos los mexicanos.,18
1,adn40,xochitlsandoval2100,07/04/2024,"El critico ese de no se que televisora dijo que la cara de Claudia que si los ojos que si la cara sin expresi√≥n, eso que tiene que ver!!! Es una mujer preparada y educada no necesita ser circo ni ser gestosa para  ganar ,lo importante son las propuestas.",6
1,adn40,almanavarro-taylor3397,07/04/2024,Invirtiendo comoÔ∏èÔ∏è,0
1,adn40,hgfrttuuu48753,07/04/2024,35:58,0
1,adn40,FiR-U-Ze,07/04/2024,"Y pues siento decirlo, pero que jodido esta el debate. Deja muchisimo que desear. Lo dicho: apoyaremos sin duda a Claudia, pero pol√≠ticamente no esta a la altura para un debate... DEBIERON PONER A NORO√ëA. Norona es un pol√≠tico de verdad; aun que no sea mujer... Ninguno de estos candidatos le llega a los pies a AMLO; mejor reeljamos a AMLO.",5
1,adn40,hernandezmartinezalfredo661,07/04/2024,"Que giro le daria a que ganara la presidencia este hombre contra estas 2 candidatas que estan mas fuertes, como lo dijo el ""ellas 2 empezaron antes su publicidad a la candidatas """,5
1,adn40,elcaracono5755,07/04/2024,Que mand√© a poner primero la t√©cnoligia a las comunidades que no hay ni luz,24
1,adn40,honeyboy2589,07/04/2024,Buen video jaja,3
1,adn40,user-iv6tu8bs9x,07/04/2024,"Da risa ver a la botarga levantando la manita para pedir la palabra jaja, y le dieron hasta para llevar jaja",3
1,adn40,joahg8912,07/04/2024,"Espero alguien lea mi comentario de verdad, necesito sacar esto que sucedi√≥ cuando conoc√≠ a Xochitl G√°lvez. Ella vino en una ocasi√≥n a Apan Hidalgo de donde soy originaria, acompa√±ada y desde luego coludida con un candidato a diputado en ese entonces de apellido Barraza. Ambos del PAN. Ambos en complicidad con una tipa llamada Alejandra Escobar tambi√©n originaria de Apan, Hidalgo. Todos ellos estafaron a varias personas de Apan dici√©ndoles qu√© dar√≠an pr√©stamos de mucho dinero a cambio de $3,300. Lo digo con total transparencia, mi abuela, mi madre, t√≠os y varios vecinos dieron el dinero pero ese ""pr√©stamo"" que jam√°s lleg√≥!!! Robaron literalmente miles de pesos a gente de clase trabajadora que lograron tener con mucho esfuerzo. Piensen su voto por favor!!  Yo con Morena",1
1,adn40,gracielaromerotrigueros1507,07/04/2024,Pero algo m√°s preocupante es que no hay trabajo para los j√≥venes profesionistas Voto de castigo a Claudia,8
1,adn40,raulceja3859,07/04/2024,Va mi voto para Denise. Yastoy.,10
1,adn40,gabrielsalazarvera9446,07/04/2024,Seg√∫n Claudia Sheinbaun es ganadora pero ni siquiera pudo contestar la pregunta en salud.,3
1,adn40,j.a.8112,07/04/2024,"Son un caso perdido los candidatos de estas elecciones. Y se pregunta que hase falta en Mexico, Dios santo",3
1,adn40,renehernandez8683,07/04/2024,Puro bot de la disque doctora claudia en los comentarios,9
1,adn40,enriquesalvadr3962,07/04/2024,37:24:Ni hablar sabe JAJA,1
1,adn40,johan.97,07/04/2024,"Debate? Esto solo fue un infame show, un circo donde solo se atacan y nadie comparti√≥ realmente sus propuestas, sus planes, sus ideolog√≠as y encima los medios opinando sin criterio y con notorio favoritismo a cierta candidata que dice ser independiente   Adem√°s, todo M√©xico est√° cansado del Prian, ya sabemos quien ganar√° las elecciones Ô∏è Considero que los candidatos deben tener un espacio digno y realmente transparente donde puedan compartir su visi√≥n, sus propuestas, con detalle y describiendo claramente temas importantes como la salud, la educaci√≥n, la seguridad, la inversi√≥n y dem√°s temas que requieren atenci√≥n  Basta de payasadas como esta, donde lo mejor que podemos sacar, son los memes",3
1,adn40,SuperAugg,07/04/2024,Ya no tengo hijos en edad escolar. Pero en definitiva no creo que las escuelas de tiempo completo sean adecuadas para la gran mayor√≠a de los ni√±os. Porque mejor no adoptar el sistema de crianza de EU en d√≥nde a las mujeres que dedican su tiempo a la crianza de sus hijos se les da un incentivo tipo beca y son supervisadas por trabajadoras sociales a Domicilio. Incluso hay incentivos por lactancia materna y uso de pa√±ales de tela. Creo que ninguna escuela podr√° sustituir el v√≠nculo madre e hijo que se crea con la crianza de sus propios hijos. Yo dej√© mi profesi√≥n para dedicarle a mis hijos mi tiempo hasta que llegaron a la adolescencia y creanme que vali√≥ mucho la pena.,2
1,adn40,chinodiaz3713,07/04/2024,La botarga sigue sin propuestas puros ataques sin pruebas  sigue siendo una,10
1,adn40,patyl2442,07/04/2024,"Vamos pero para la destrucci√≥n sin medicina, con la violencia, los secuestros, los pagos de derecho de piso",13
1,adn40,luzeveliazunigachavez5771,07/04/2024,"Cuando no a habido corrupci√≥n!! Aqu√≠ en Tijuana la Polic√≠a Municipal es de lo peor solo quieren sacar dinero, restos humanos donde quiera, muchas personas desaparecidas, el cobro de piso cada vez aumenta, le tememos a la polic√≠a por que son pocos los honestos, como van a arreglar eso ?",0
1,adn40,sandyarias2071,07/04/2024,El ine preparadisimo con su reloj rosa,5
1,adn40,darkshplendor,07/04/2024,Dijo aprender ingl√©s X√≥chitl,0
1,adn40,ariawas5908,07/04/2024,muy bien por nuestra pr√≥xima presidenta de M√©xico Claudia,7
1,adn40,rosaalbores4384,07/04/2024,Claudia presidenta,15
1,adn40,anitacanales148,07/04/2024,Los hombres tambi√©n sufren acoso y violencia derechos para los dos!. Y Claudia sheiman mencion√≥ algo muy importante los derechos de los animalitos!..üá≤üáΩ,2
1,adn40,sergiomontielrivas4334,07/04/2024,Estoy con Claudia,10
1,adn40,e.garcia6797,07/04/2024,"X√≥chitl pide a Claudia que voltee y que  conteste cuando la est√° atacando, pero ella no lo hace cuando Maynez la est√° atacando.",1
1,adn40,joseangel4821,07/04/2024,Peeo que casualidad que solo la botarga podia mirar el reloj y el tiempo de ella no disminuia solo el de claudia y ruben,3
1,adn40,almanavarro-taylor3397,07/04/2024,C√≥mo van a financiar Ô∏èÔ∏èÔ∏è,6
1,adn40,ManuelGarcia-pl8lj,07/04/2024,Verdaderamente la √∫nica que se ve preparada es claudia en cuanto a su templanza para no responder a las acusaciones de los otros candidatos le aplaudo,6
1,adn40,tomasolivares9827,07/04/2024,"Por que llevar acordeones a un debate, porque una misma candidata empieza cada secci√≥n de preguntas por que no hay un sistema rotativo.",2
1,adn40,Flavio-fz3tc,07/04/2024,Si hubiera estado Noro√±a en el debate los hubiera hecho garras a todos sin duda,3
1,adn40,erikcanche843,07/04/2024,"Promesas, promesas, circo, maroma y teatro.  Un debate muy pobre...",3
1,adn40,hortevictoria1124,07/04/2024,"En el debate estuvieron la Sra. X√≥chitl G√°lvez, Don Neto y Titina...",6
1,adn40,daxxluna,07/04/2024,1:33:44 ay diosito,1
1,adn40,noemicortes9267,07/04/2024,Que fastidio escuchar a X√≥chitl.,3
1,adn40,RICKO.,07/04/2024,Muy bien claudia ... la gelatinas luego luego a sus mentiras desde el primer minuto su rid√≠culas formas de querer empatizar !,4
1,adn40,ORO158,07/04/2024,Por que no SE escucha .?,0
1,adn40,user-zu4zz6kz4h,07/04/2024,"Tirarle al otro partido no es contestar las preguntas, todos son unos payasos es una verg√ºenza M√©xico,  nunca a tenido un buen presidente desde que nac√≠  45  a√±os",2
1,adn40,ferminaguilera2243,07/04/2024,"Mainez un crack siempre sonriendo y se√±alando al techo, estaba muy entretenido   Por cierto el lenguaje corporal de Mainez siempre fue agresivo con Galvez pero respeto siempre a Claudia en ese sentido no se meti√≥ tanto con ella.",0
1,adn40,edithleal9387,07/04/2024,Ahi falto lily tellez,0
1,adn40,leog6742,07/04/2024,Ese vato tiene Buenos argumentos y buenas respuestas . Ahora si se ponen en accion es otra cosa  . Y yo lo miro en un punto neutral,6
1,adn40,duxandrespasha,07/04/2024,"Oigan, ¬øqu√© filtro le pusieron a Shamebum, que se ve como toda aplastada de la cara? Y tambi√©n del cuerpo.",0
1,adn40,199513jose,07/04/2024,Aparece una amiga nueva 1:53:50  mi compa el menos machista Jajaja,1
1,adn40,josejulianruizrazo1039,07/04/2024,Maynez tus pocos fans solo 4 o 6 Estaban apoy√°ndote y a Claudia a ti te estaban apoy√°ndote solamente te apoyaban como 10,1
1,adn40,mili4890,07/04/2024,Pobre de M√©xico! Ninguno de los 3,2
1,adn40,JuanBarron-nx7kz,07/04/2024,Xochitl es una gran mentira lo del COVID si el pa√≠s m√°s capacitado que pudo ser mucho no lo iso ahora t√∫ vienes a preguntar donde no ay los suficientes m√©todos yo pregunto t√∫ que isiste nada ahora bienes con tabletas no digas eso primero aprende t√∫ lo que quieres realmente asta para robar ay que saber y lo tuyo es nada,0
1,adn40,goldenenglishsinrfc5384,07/04/2024,Entonces ya no vas a cobrar impuestos si dices que ya se acab√≥ el presupuesto no vas a cobrar impuestos est√° bien padre con raz√≥n quieren meter la idea que el pa√≠s est√° quebrado. Si quebrado si llegan ustedes prianistas,3
1,adn40,sandrarios5086,07/04/2024,Est√°n leyendo?,0
1,adn40,leonardofloresluna3108,07/04/2024,"Tenemos la que tiro el metro, la se√±ora whitexican y el se√±or que es alcholico  Mejor anulo el voto",1
1,adn40,jorgepena3095,07/04/2024,Ninguno propuso bajar el ISR.,3
1,adn40,tibamore4393,07/04/2024,CLAUDIA SHEINBAUM GAN√ì ESTE DEBATE,24
1,adn40,gloriayanez-hh1kg,07/04/2024,"Miente se√±ora somos 121000,000 millones de ciudadanos , es mentira que da el presidente las becas  ,es un deber  de las condiciones que existen en el congreso de la unin",3
1,adn40,junelyaelflores2198,07/04/2024,Yo como estudiante en el √∫ltimo mes,1
1,adn40,pilarojedarodriguez4081,07/04/2024,SEGUIMOS POR CLAUDIA Ô∏è,24
1,adn40,apolinarsantosbouzan2214,07/04/2024,MUY BIEN MAYNES: CERO ADOCTRINAMIENTO PARA NUESTROS NI√ëOS Y ADOLESCENTES,1
1,adn40,maryirene100ortegamartinez8,07/04/2024,Claudia presidenta,20
1,adn40,apolinarsantosbouzan2214,07/04/2024,BRAVO: ATENCI√ìN A LAS CAUSAS Y CERO IMPUNIDAD.,0
1,adn40,AlejandroHerrera-zm6wf,07/04/2024,Vamos ustedes pueden,0
1,adn40,user-pr9ry9xf3y,07/04/2024,Ni un voto para el PRIAN  ni para MC,11
1,adn40,e.garcia6797,07/04/2024,"Si a Cochitl le hubieran contado el tiempo que en lugar de contestar las preguntas se pon√≠a a atacar personalmente a la candidata de morena, se hubiera quedado sin tiempo todo el tiempo.",0
1,adn40,miltonrodriguez3425,07/04/2024,Xochitl es la mmd,2
1,adn40,mariadelrociohuizar9579,07/04/2024,"Claudia Presidenta ! La m√°s preparada, Maynez con futuro, X√≥chitl como payaso de circo",17
1,adn40,rickyalcaraz4345,07/04/2024,Ablan. Puras pedas,0
1,adn40,sergiolopezruiz499,07/04/2024,Xochitl va.. la titere  no.,4
1,adn40,oscarfernandez8936,07/04/2024,"Los √∫nicos que perdemos son los mexicanos, sin tener en verdad un l√≠der que saque de la pobreza y delincuencia que vivimos cada d√≠a es un c√°ncer que nos consume d√≠a a d√≠a",1
1,adn40,angelalmanza6456,07/04/2024,Seguro que ni la botarga entiende lo que dice  ... !!,2
1,adn40,caesarvegas,07/04/2024,"dice XOC.......  ""defendere con el escudo  alrevez OIESASMAMADAS!""  La DRA.  una calma  una  persona que piensa en lo que va a responder mi mas apoyo a la doctora!!",2
1,adn40,zacariasmartinez1863,07/04/2024,"La botarga no pudo hablar sin estar leyendo, la m√°s segura y con propuestas fue Claudia  Yo le dar√© mi voto",10
1,adn40,danielisidro771,07/04/2024,"Deber√°s con esos se√±ores, que Dios nos ayude",1
1,adn40,carolinacrux2203,07/04/2024,Gan√≥ Claudia Ô∏è,19
1,adn40,Mycreepymind,07/04/2024,11:41 est√° como tontito,1
1,adn40,rogeliotrevinoledezma,07/04/2024,"De calle, gan√≥ Claudia",4
1,adn40,jorelgoenitz,07/04/2024,"Pues los puedo ordenar de malo a peor, pero nadie se configura como ""la mejor opci√≥n para el pa√≠s"". La neta  que est√° para llorar.",0
1,adn40,olgajimenez6423,07/04/2024,"Puras mentiras  de la sta botarga, se fijaron que ya sab√≠a  las preguntas  las respuestas las contesta  leyendo ,le ayudaron pero ni as√≠ pudo, y para acabar al final el escud√≥  al rev√©s. P√©sima",2
1,adn40,javierguerrero2697,07/04/2024,Hahaha parece una pelea de la secundaria es una verg√ºenza,1
1,adn40,marycocosl6889,07/04/2024,"Nos vemos en junio.. comprob√© hoy a donde va mi voto. Afortunadamente es secreto..y por supuesto votare por la mejor, la mas sencilla, y cercana a pueblo",6
1,adn40,apolinarsantosbouzan2214,07/04/2024,LA VIDA DEBE RESPETARSE DESDE EL PRIMER MOMENTO DE LA CONCEPCI√ìN,0
1,adn40,julissajimenez5135,07/04/2024,"Reelecion de amlo, no salgan a votar exijamos la reelecci√≥n",1
1,adn40,karpeakart,07/04/2024,9:15 aqu√≠ empieza,1
1,adn40,zonykdublin9587,07/04/2024,Cual patriarcado  ya no existe no se de donde saca eso y la verdad cero empat√≠a con el pueblo y solo ataca y sigue con lo del empoderar a la mujer osea no va a ver igualdad,1
1,adn40,yoedsalvador4639,07/04/2024,Empieza en el minuto 10:29,1
1,adn40,ariawas5908,07/04/2024,"jajaja en el min. 25,54 preguntarle a los muertos",0
1,adn40,Leni-zb7ki,07/04/2024,Maynez,6
1,adn40,Perlayasmin-ng1bg,07/04/2024,"Ok, Claudia",7
1,adn40,joseterrazas1335,07/04/2024,"Jajaja esos 2 contestaron todo menos la pregunta , arriba Claudia",13
1,adn40,felipemorales4447,07/04/2024,"Ok ai luego luego se miro que 2 estuvieron en contra de Claudia , 2 contra una , pero sin lugar a duda Claudia como Nuestra proxima Presidenta de Mexico",5
1,adn40,rodrigomaldonado8829,07/04/2024,Ya me imagino a Samuel haciendo de las suyas lamentablemente por el prian no se pudo,1
1,adn40,apolinarsantosbouzan2214,07/04/2024,QUE SE PROTEJA  Y/‚ÄòO APLIQUE JUSTICIA A HOMBRES Y MUJERES POR IGUAL,0
1,adn40,apolinarsantosbouzan2214,07/04/2024,"URGENTE  INVERTIR EN CIENCIA, TECNOLOG√çA, EDUCACI√ìN Y SEGURIDAD PUBLICA",0
1,adn40,germanlobotruck,07/04/2024,Que jodido esta mexico con estos candidatos,1
1,adn40,vincepetez8423,07/04/2024,"No entiendo porque se juntaron pri, y pan?",0
1,adn40,itzulgutierrez7505,07/04/2024,el carisma es personal Ô∏è,0
1,adn40,Proteccion544,07/04/2024,Te amo Carmen,0
1,adn40,salvadorsilva8415,07/04/2024,Sea se√±ora de blanco Trae sue√±o  lolv see presidents lol,0
1,adn40,carmelahernandez4704,07/04/2024,Pobre mexico  ser gobernado por estas 2 mujeres y este sujeto . Va hacer el peor desastre de la historia,1
1,adn40,e.garcia6797,07/04/2024,A X√≥chitl le dan chance de contestar todo el tiempo y a Maynez no.,0
1,adn40,marimartinez2572,07/04/2024,"Creo que para evitar las alertas de salud y educaci√≥n, deberian de empezar a invertir tambien en las universidades. Dar becas porque a pesar del apoyo de las mas chicos, tambien es dificil seguir estudiando. Por eso hay escases de profesionalismos, doctores, maestros, etc.",0
1,adn40,narutokun723,07/04/2024,Por qu√© nada m√°s se fijan en lo que les pasan a las mujeres no a los hombres,1
1,adn40,ramirez5402,07/04/2024,Vamos Claudia ....,7
1,adn40,robertsmorales6317,07/04/2024,Y pensar que uno de los tres sera presidente,1
1,adn40,irmamaya7099,07/04/2024,Cu√°ndo se preocup√≥ el pri de todo el pueblo e incluso yo fui una de de que cada rato met√≠a solicitudes para que me apoyaran que ten√≠a una gran necesidad y nunca lo hicieron,3
1,adn40,Charrlie589,07/04/2024,Llevaba telepromter la brutarga  y todav√≠a la apoyan,0
1,adn40,itzulgutierrez7505,07/04/2024,"No solo son los maestros y maestras ( personal administrativos, ahora personal de apoyo de la educaci√≥n) est√° por los suelos y no se llevan trabajo a su casa, no se respetan los horarios ni cargas de trabajo equitativos, y ganaba una bicoca",0
1,adn40,rlavariega1,07/04/2024,En la botarga aplica el dicho el boca cerrada  no entra mosca,0
1,adn40,josejulianruizrazo1039,07/04/2024,Cuando huainos una carabana y mucha gente estaba con nosotros pan pri y prd vamos a ganar  X√≥chitl nosotros podemos y Maynez estaba viendo abajo en el lodo Claudia que le estaba miedo abajo,0
1,adn40,felipemorales4447,07/04/2024,"Puras burradas de cochil , el otro quien sabe quien sea",0
1,adn40,miguelangelhoilcastillo4954,07/04/2024,Jajaja la corrupta tiene comprado esas preguntaas jaja,0
1,adn40,apolinarsantosbouzan2214,07/04/2024,"ATENCI√ìN DE SALUD A LOS NI√ëOS , DESDE EL MOMENTO DE SU CONCEPCON HASTA LA MUERTE NATURAL",0
1,adn40,eacosta47180,07/04/2024,"Si dice la botarga que no milita ni militara en ningun partido entonces que hace con la coalicion,",0
1,adn40,robertolucatero405,07/04/2024,"Con lo simple que es prometer encarcelar a cada politico o ciudadano que este implicado en cualquier corrupcion, y se acaba todos los problemas del pais....pero sin importar  quien caida",0
1,adn40,josejulianruizrazo1039,07/04/2024,Maynez est√° selozo por que la quiere y va a votar por el PAN y Claudia y Maynez mienten,0
1,adn40,turnote23,07/04/2024,Entre m√°s progresistas sonaban menos me daban ganas de votar por ellos,1
1,adn40,LuisEnMarroquin,07/04/2024,"¬øCu√°l es su plan integral para fortalecer el Sistema de Salud Nacional y asegurar el acceso equitativo a servicios de salud para todos los mexicanos y c√≥mo piensa financiar e implementar este plan?  Claudia Sheinbaum Pardo: Muy buena pregunta.  Antes que nada, quisiera felicitar al cuerpo diplom√°tico de M√©xico en Ecuador, que acaba de regresar. Felicitarlo por su valent√≠a.  Tambi√©n, quiero poner en contexto, antes de preguntar la pregunta, que en este debate se van a presentar principalmente dos proyectos: el proyecto de regresar al pasado de la corrupci√≥n y el proyecto que significa avanzar con la transformaci√≥n.",0
1,adn40,AlejandroHerrera-zm6wf,07/04/2024,Maines y shemo,0
1,adn40,itzulgutierrez7505,07/04/2024,"As√≠ es, el pago en casa nadie lo paga y no les interesa  Por lo mismo seguimos fuera de la equidad de g√©nero en cualquier √°mbito Ô∏è",0
1,adn40,liudmilagaro4695,07/04/2024,Claudia Sheimbaun üá≤üáΩÔ∏è,10
1,adn40,almanavarro-taylor3397,07/04/2024,Cu√°nto tiempo tiene tu jefe en el cargo ClaudiaÔ∏è,0
1,adn40,soniaaraya8563,07/04/2024,Porquer√≠a de debate..realmente vergonzoso,1
1,adn40,EkBalam493,07/04/2024,Movimiento Ciudadano est√° distrayendo votos que pueden ir a morena,1
1,adn40,177muchacho,07/04/2024,Claudia,13
1,adn40,e.garcia6797,07/04/2024,Claudia si contestaba las preguntas.,0
1,adn40,itzulgutierrez7505,07/04/2024,"Muy complicada!!!!!!!  Extremadamente complicada !!!! pero, en tooodos los albergues  Si no es porque üá∫üá∏ le puso un alto al presidente mexicano de continuar con raites a los migrantes, seguir√≠amos igual o peor  una vez que tengamos un mejor gobierno podremos acoger a las personas que buscan un mejor futuro fuera de su pa√≠s .... Ô∏è",0
1,adn40,BelcirBarrios,07/04/2024,La corrupta de X√≥chitl asta tuvo que leer todo loque ten√≠a escrito para despedirse. Pobre se√±ora,1
1,adn40,marthasarabia738,07/04/2024,Bamos Claudia mi voto es para ti,3
1,adn40,soriar000440761,07/04/2024,Terrible XG,1
1,adn40,gerardogoldaracena3237,07/04/2024,Ni a cual irle pero Maynez es el mejor ü´†ü´†,0
1,adn40,Ashstary,07/04/2024,"La botarga hablando de los derechos a: Los grupos lgbt, mujeres y sobre derribar el patriarcado. Cuando es un gobierno de DERECHA",1
1,adn40,rodolfogomez7290,07/04/2024,"Yo le preguntar√≠a al de movimiento ciudadano, que han ech√≥ para investigar al Gobernador de Guadalajara al trabajar en conjunto con el CJNG",0
1,adn40,elchalo28,07/04/2024,Los mexicanos merecemos mejores pol√≠ticos los pristas se hacen de moren cambian de partidos pol√≠tico como si nada,0
1,adn40,CarlosChame-gq2re,07/04/2024,Pues Mainez es el mejor exposisionado,4
1,adn40,angelhd942,07/04/2024,"La ideolog√≠a de g√©nero es lo peor que pueden hacer los tres, no es discriminaci√≥n corregir lo incorrecto, la naturaleza no se equivoca, Claudia use sus conocimientos cient√≠ficos y no se equivoqu√© en este tema, simple una calabaza por ser redonda y con enredaderas, no puede considerarse melon, as√≠ de simple un hombre que se percibe mujer no puede ser mujer por qu√© es hombre por naturaleza y viceversa para la mujer, ojo no se equivoqu√©n",0
1,adn40,pura_gente_buena,07/04/2024,19:20 la verdad que el seguro popular ayudo muchoo!.,0
1,adn40,almanavarro-taylor3397,07/04/2024,Claudia propuestas,0
1,adn40,eduardouribe7438,07/04/2024,"Vamos mi dama de hierro ""Claudia S""",12
1,adn40,angieperezascenciodelmoral3737,07/04/2024,"Que asco la pol√≠tica mexicana, parece programa de chismes en Lugar de debate ... Mejor hubieran presentado su ""informaci√≥n"" en ventaneando",0
1,adn40,RolandoMendoza-bn4tr,07/04/2024,Si se dieron cuenta de algo de ka botarga que siempre estuvo viendo sus papeles y la bandera al reves,0
1,adn40,lizcamara1597,07/04/2024,"No los ni√±os sufre estar fuera de casa. Mi hijo fue a la guarder√≠a particular 7 a√±os y me pidi√≥ no qro estar todo el d√≠a ay√∫dame qro estR contigo y mes de comer. A veces te obligan comer lo q no te pasa .aunque te v√≥mitos. No hijo.te vas qdar von abuelos con una ni√±era y te atienda fui madre soltera entraba 7,00am a 11 pm .no.lo vea y si causa y efecto en eso aclaro fui madre soltera . Solicite mi cr√©dito de casa. 46.000.pesos cuando se compran cas de millones. Nonos enga√±an no trabajas no comen cambiar leyes juradas fuertes y mejor es uela.",0
1,adn40,user-lh4kl1df3n,07/04/2024,Yo dbriara votar en estas lccions,0
1,adn40,ciromonroy2539,07/04/2024,Vamos doctora Claudia sheibaun usted ser√° la primera mujer presidenta de M√©xico!! ( xochitl G√°lvez puede traer buenas propuestas pero no se le puede creer nada),6
1,adn40,kinchahau1,07/04/2024,X√≥chitl barri√≥ el piso con la Sheibaun.,11
1,adn40,GabrielJimenez-is2gg,07/04/2024,"Por qu√© no le sacan el historial de desv√≠o de  recursos, Xochitl G√°lvez ser√≠a el colapso del poco progreso que a  tenido mexico",0
1,adn40,user-jt2nq5jx7e,07/04/2024,Estamos con Claudia,6
1,adn40,rickyalcaraz4345,07/04/2024,Ningunas )os.   De   Los 3 Convensen.  Pobre de mexico Lo que le viene. Es. Un desastre del tama√±o  de hasta el cielo Agarrense. Mexicanos porque lo que viene los procsimos 6. A√±os.  Con estos candidatos bahacer. Puras fallas,0
1,adn40,Lovebugtuna,07/04/2024,Que vamos a hacer cuando el vecino (USA) se meta a limpiar nuestro desmadre?,0
1,adn40,egcoshogarcia2029,07/04/2024,Estos prianistas.. todo prometen.. ya hubieran cambiado esa frase pedorra.. saben que ya nadie les cree.. segun es estudiada la se√±ora.. y sigue con lo mismo de los de antes.. da pena ajena..,0
1,adn40,franciscodelarosa6469,07/04/2024,La xochitl se oye francesa.,0
1,adn40,apalaciosm,07/04/2024,C L A U D I A.  PRESIDENTA,9
1,adn40,lizbetharelirosascuevas8730,07/04/2024,Hasta el minuto 30 solo ha propuesto Claudia,0
1,adn40,S4LT1C,07/04/2024,xochil le tiraba cuerda nada q ver a claudia,0
1,adn40,javierortegaarrayga7102,07/04/2024,Claudia indiscutiblemente.,0
1,adn40,letyhernan3946,07/04/2024,Claudia sin duda es la mejor,6
1,adn40,GabrielJimenez-is2gg,07/04/2024,Yo doy mejores propuestas hoy vivo en Texas pero si gana Xochitl ya no vuelvo a M√©xico,0
1,adn40,user-gz4bw9hs2c,07/04/2024,Claudia es la mejor vamos por la 4t,14
1,adn40,martinsergiomartinez6130,07/04/2024,Yo al  % con Claudia y morena,0
1,adn40,Jorge.andres590,07/04/2024,Pura corrupci√≥n,1
1,adn40,MrpoolMX,07/04/2024,Ojal√° la tarjeta inteligente te de algo de lo que no tienes los trenes que el pri destrllo,1
1,adn40,juancalderon5979,07/04/2024,Si hubiera estado noro√±a se los TRAGA VIVOS,1
1,adn40,clssotelo9821,07/04/2024,FIN POLITICO DE COCHIL Y EL PRIAN-RD Y LOS CHAYOTEROS,9
1,adn40,robertocornejo6429,07/04/2024,Ejemplo Laida d ayudar a combatir la corrupci√≥n esa es la 4ta raz√≥n tiene y apoyamos siempre,0
1,adn40,MrpoolMX,07/04/2024,Ojal√° que tu y fox fueras parte de la estad√≠stica .haci c√≥mo tu sabes hacer cuentas,0
1,adn40,migueljaimes8330,07/04/2024,Viva la 4,1
1,adn40,lucastotti7463,07/04/2024,"Vaya Pobreza de Debate, la gente esta mal acostumbrada a ver Circo, a escuchar Gritaderas, ver Pancartitas, Peri√≥dicos, Grafica de barras, etc, pero pon a los Pol√≠ticos a resolver problemas matem√°ticos B√°sicos y se va su super verborrea, ahhh pero ellos te venden que son el Premio Nobel de Econom√≠a.",3
1,adn40,andresgamino9594,07/04/2024,adentro X√≥chilt pero de la c√°rcel,1
1,adn40,martinchavez3782,07/04/2024,"Cuando el presidente dice por el bien de todos primero los pobres, est√°n incluidos las ni√±as y los ni√±os",1
1,adn40,raulceja3859,07/04/2024,Una pena lanzar a X√≥chitl al ruedo as√≠. Con tiempo hubiera sido una buena candidata.,0
1,adn40,itzulgutierrez7505,07/04/2024,Somos m√°s mujeres que hombres en el mundooooo,0
1,adn40,LennaOrozco,07/04/2024,Xochitl muy mal en sus respuestas. Evad√≠a todo,1
1,adn40,imeldaramirez369,07/04/2024,Claudia gan√≥ el debate por un 98% no tuvo rival,20
1,adn40,user-mb3of1ss4b,07/04/2024,La misma gata pero revolcada la sheinbau o como sea que se llame del viejito. No trae nada,6
1,adn40,valentinlopez9464,07/04/2024,Para todos no es Xochitl la que est√° en la mira es el pa√≠s y principalmente el futuro de sus decendencias dejen la apatia de lado por el bien de todos si alguno de los que aparece en estos comentarios recibe alg√∫n tipo de ayuda les recuerdo que les van a cobrar intereses que ni con la ayuda del pueblo se va a pagar,0
1,adn40,pablomarquez6278,07/04/2024,"De tanto oir a la xochitl termine, con dolor de gagrrrganta",0
1,adn40,LennaOrozco,07/04/2024,La mejor Claudia,6
1,adn40,elcaracono5755,07/04/2024,Todas sus respuestas fueron le√≠das,0
1,adn40,anaisfacundo3806,07/04/2024,ya por favor no pueden competir hay mucha diferencia y la verdad los pobres somos m√°s! acepten que obviamente Claudia va a ganar !!,0
1,adn40,brendabarbimartinez214,07/04/2024,Xochilt presidenta,0
1,adn40,brendabarbimartinez214,07/04/2024,Xochilt presidenta,0
1,adn40,sandycristinacabrerarodrig1622,07/04/2024,"los 3 estan jodidos pero  bueno,  espero gane la xochil, pq bye con morena",0
1,adn40,vp1114,07/04/2024,Ver√°stegui para Presidente!!!!!!,0
1,adn40,lilipalomares475,07/04/2024,Mi voto para Xochitl,2
1,adn40,user-tv4ip6po9f,07/04/2024,Mentira Xochitl mis hijos tienen sus esquemas de vacunaci√≥n completas y en mi pueblo no les faltan sus vacunas,0
1,adn40,user-mr5jl8yu6v,07/04/2024,Pobre xocjil le ubiera pasado un papel para lo mormado,0
1,adn40,rb-lx8ry,07/04/2024,Ricardo salinas pliego para presidente,0
1,adn40,TheRealSnakeLit,07/04/2024,Hay que pena ajena dio X√≥chitl,0
1,adn40,Joseph-gy2cd,07/04/2024,Claudia arrasa,20
1,adn40,dano_torres21,07/04/2024,"32:53 no votar√≠a por alguien que no sabe hablar par que sea presidente, Pero bueno igual votaron por pe√±a",0
1,adn40,RolandoMendoza-bn4tr,07/04/2024,La botarga no tiene ni idea de nada de lo que habla no tiene ni chiste,0
1,adn40,clssotelo9821,07/04/2024,FIN POLITICO DE COCHIL Y EL PRIAN-RD Y LOS CHAYOTEROS,2
1,adn40,user-ob5bb1uo9u,07/04/2024,CLAUDIA SHEINBAUN PR√ìXIMA PRESIDENTE de M√âXICO,6
1,adn40,alfredooviedo8943,07/04/2024,"Tiene una hermana secuestradora y habla de seguridad que botarga tan chismosa, fuera Sochitl",0
1,adn40,RamonGarcia-yd5xj,07/04/2024,Los 3 Muy mal,0
1,adn40,user-sb8br7xn6g,07/04/2024,"Eso dices que ofreces y va uno y la batean,y fui madre soltera nom√°s las familiares del gobierno y es de los sexenios de pe√±a nieto,para atr√°s",0
1,adn40,mauriciolagunescampos436,07/04/2024,La xochil su meta era atacar a la nueva presidenta jajaja ya supere lo do√±a corrupta,0
1,adn40,mariaelenaperezporras9602,07/04/2024,Lo gan√≥ Claudia sheiman,0
1,adn40,valentinlopez9464,07/04/2024,Este tal maynes estuvo aliado con Claudia y estuvo de mas pero tiene raz√≥n lo que comento de alito pero les recuerdo maynes y Claudia su 4t sali√≥ del prian,0
1,adn40,patyl2442,07/04/2024,Xochilt Precidenta,5
1,adn40,pedromartingarciamoreno2753,07/04/2024,Pr√≥xima presidenta de M√©xico Claudia Sheinbaum !!!!,0
1,adn40,user-gz4bw9hs2c,07/04/2024,Vamos Claudia 4t,3
1,adn40,frankfranko9023,07/04/2024,X-G√°lvez ser√°. Una Mier-da  pa Mexico üá≤üáΩ,2
1,adn40,djgallardo6054,07/04/2024,Maynez,0
1,adn40,mauriciolagunescampos436,07/04/2024,Esa sochil,0
1,adn40,MariaRios-pt7hn,07/04/2024,chitl üá≤üáΩ2024  .,0
1,adn40,oscarsergiogarciaalba2981,07/04/2024,"El pueblo de M√©xico ya decidi√≥ y es Claudia nuestra presidenta de M√©xico aunque les arda el fundillo a los medios de comunicaci√≥n Chayoteros, empresarios corruptos y los del PRIANRD",3
1,adn40,clararesendiz556,07/04/2024,X√≥chitl,3
1,adn40,GuadalupeSuarez-wy1qk,07/04/2024,Buenos d√≠as se√±ora X√≥chitl sus propuestas est√°n muy buenas pero de verdad le pido de todo coraz√≥n que si usted llegar√° a ganar la candidatura verdaderamente cumpla con lo que usted est√° diciendo que va a hacer por el pa√≠s y su gente que habita en ella por qu√© dicen tantas cosas y al final no cumplen todas ya que est√°n en la silla del Rey me gusta todas sus propuestas que trae por qu√© yo soy una madre soltera rento y es muy pesado ser madre soltera y m√°s cuando uno est√° rentando y s√≠ me gustar√≠a que tambi√©n propusiera usted viviendas para nosotras las madres solteras que estamos rentando de todo coraz√≥n le deseo mucha suerte y yo s√© que pap√° Dios ya tiene su candidato o candidata que va llevar est√° su tierra eres todo coraz√≥n espero que pap√° Dios ponga su mirada en usted,1
1,adn40,AlfredoSanchez-ks2bn,07/04/2024,Voto masivo plan C,7
1,adn40,user-gz4bw9hs2c,07/04/2024,Vamos por la trasformacion. Ya basta de corrupci√≥n,1
1,adn40,Normita_Tru,07/04/2024,Doctora Claudia Presidenta de M√©xico üá≤üáΩ,29
1,adn40,LUIGUI13VANELLI,07/04/2024,Superior Claudia por  ante sus contrincantes,7
1,adn40,raulceja3859,07/04/2024,Creo que Claudia est√° lista para ser una Presidenta Picuda.,1
1,adn40,irmamaya7099,07/04/2024,Y felicito al al presidente Obrador porque √©l se ha preocupado mucho por por la gente m√°s necesitada y el cual eran abandonados los ancianos ancianitos y no ten√≠an ni un plato que comida y ahora tienen hasta para comer su fruta y eso le agradezco a dios y que Dios me lo bendiga,15
1,adn40,clararesendiz556,07/04/2024,X√≥chitl  felicidades mi futura presidenta,2
1,adn40,EkBalam493,07/04/2024,X√≥chitl es mentirosa profesional!!!,0
1,adn40,Mario200945,07/04/2024,Hijole nos ponen a puros malos y Claudia es la m√°s rescatable. El se√±or pasa con esa sonrisa que molesta mucho.,2
1,adn40,EkBalam493,07/04/2024,Movimiento Ciudadano es el distractor del PRIAN,0
1,adn40,josejulianruizrazo1039,07/04/2024,Puro pan,0
1,adn40,conversacionesconmipadre,07/04/2024,X√≥chitl no'mas no da una,0
1,adn40,rubenluna3704,07/04/2024,"Dra. Claudia mucha medicina positiva, bendiciones, la X√≥chitl no pudo gobernar a sus hijos les dio formaci√≥n grosera y deshonesta",10
1,adn40,imeldaramirez369,07/04/2024,Claudia gan√≥ el debate,2
1,adn40,user-ob5bb1uo9u,07/04/2024,VOTO MACIBO TODO MORENA V√Å PLAN C Ô∏è,3
1,adn40,libertyfilm4096,07/04/2024,Arriba Claudia arriba morena,3
1,adn40,jesusbermea2794,07/04/2024,Gan√≥ X√≥chitl‚Ä¶..,0
1,adn40,filemongarcia1320,07/04/2024,Voto masivo por Claudia y por los candidatos de MORENA,1
1,adn40,adolfoperez6066,07/04/2024,Claudia una mujer preparada  xochitl no le llega ni a los talones,1
1,adn40,JaimeDM17,07/04/2024,Felicidades cada dia es mas claro Mexico es MORENA,1
1,adn40,gabrielajuarez9526,07/04/2024,"Claudia Sheinbaun presidenta, Plan C, mi apoyo total para la 4T!!!",2
1,adn40,elviraarango8413,07/04/2024,Bravo por nuestra nueva presidenta la doctora Claudia,1
1,adn40,veronicamartinez8223,07/04/2024,arriba Claudia Sheimbaun.,1
1,adn40,candie1118,07/04/2024,Viva claudia,0
1,adn40,AlmaFlores-ou3gg,07/04/2024,Mi voto es con Claudia y la 4T,1
1,adn40,yad5121,07/04/2024,Claudia Sheimbaun. Presidente,3
1,adn40,adrianasanchez8595,07/04/2024,X√≥chitl gan√≥!!!!,2
1,adn40,pepeluisrodriguez8548,07/04/2024,XOCHITL  9,6
1,adn40,analuisagonzaleztalavera8827,07/04/2024,X O C H I T L  PRESIDENTA!!!,4
1,adn40,valentinlopez9464,07/04/2024,Si fue un desastre el debate m√°s bien no debatieron le estan haciendo propaganda a la 4t con el dinero del pueblo y estoy con Xochitl y me retiro no soporte ver a maynes y a Claudia,0
1,adn40,BlancaCoutigno,07/04/2024,X√≥chitl por mucho!!!!,8
1,adn40,sergiolopezruiz499,07/04/2024,Xochitl va,7
1,adn40,marialuisaantonio5490,07/04/2024,Claudia la mejor,12
1,adn40,valeriaceja7692,07/04/2024,Vivaaaa morena y la 4TÔ∏è‚Äç,1
1,adn40,claudianavarro8277,07/04/2024,Sin duda X√≥chitl gan√≥ el debate. Pero tiene que ser m√°s agresiva. La otra es una serpiente,0
1,adn40,VeronicaRios-gs7zp,07/04/2024,Vamos Por Claudia!!,14
1,adn40,kinchahau1,07/04/2024,X√≥chitl gan√≥ el debate en un 100%,6
1,adn40,cristinadecastro9700,07/04/2024,X√≥chitl,8
1,adn40,beatrizcardenas4556,07/04/2024,X√≥chitl con transparencia,5
1,adn40,carmenmoreno9264,07/04/2024,Aunque el INE no le del registro nuestro candidato Jos√© Eduardo Ver√°stegui C√≥rdoba debe y tiene el derecho a debatir con esas arpias pro muerte.,1
1,adn40,astroboygv2214,07/04/2024,GAN√ì LA ENCUESTA LA DRA. CLAUDIA  !!! PRESIDENTA !!!,9
1,adn40,user-nj1ch4en4c,07/04/2024,Claudia muy preparada para mi ella gano proxima presidenta no mas prianprd no mas mentiras viva maxico,3
1,adn40,alejandrareyes7253,07/04/2024,Super bien Xochil asi se gana,0
